,Label,Value
0,Loss:,6.109690002631396e-05
1,Mean Absolute Error:,1.289779654655655
2,Accuracy score:,0.48863086598935657
3,Total buy profit:,16.783438187092603
4,Total sell profit:,-6.429777622222979
5,Total profit:,10.353660564869624
6,Profit per trade:,0.005009027849477322
