,Label,Value
0,Loss:,0.00020881902310065925
1,Mean Absolute Error:,36.46909158288137
2,Accuracy score:,0.5239253852392538
3,Total buy profit:,7780.64542388916
4,Total sell profit:,-551.2618417739875
5,Total profit:,7229.383582115172
6,Profit per trade:,5.863247025235339
