,Label,Value
0,Loss:,0.00023512773623224348
1,Mean Absolute Error:,40.74828316354234
2,Accuracy score:,0.5336577453365775
3,Total buy profit:,7395.109729766846
4,Total sell profit:,-855.3083200454715
5,Total profit:,6539.8014097213745
6,Profit per trade:,5.303975190366078
