,Label,Value
0,Loss:,0.0001414518483215943
1,Mean Absolute Error:,5.818592973443824
2,Accuracy score:,0.5084409136047666
3,Total buy profit:,222.56923103332466
4,Total sell profit:,-126.24297094345093
5,Total profit:,96.32626008987373
6,Profit per trade:,0.09565666344575345
