,Label,Value
0,Loss:,8.043455454753712e-05
1,Mean Absolute Error:,84.37053414845428
2,Accuracy score:,0.5119182746878547
3,Total buy profit:,-142.8276710510259
4,Total sell profit:,6.40929412841804
5,Total profit:,-136.41837692260788
6,Profit per trade:,-0.1548449227271372
