,Label,Value
0,Loss:,0.00011315795563859865
1,Mean Absolute Error:,3.359077569303925
2,Accuracy score:,0.46824958586416343
3,Total buy profit:,-0.9977569580078196
4,Total sell profit:,-36.100391052663475
5,Total profit:,-37.098148010671295
6,Profit per trade:,-0.020484896748023906
