,Label,Value
0,Loss:,0.00016806519124656916
1,Mean Absolute Error:,24.35080903383388
2,Accuracy score:,0.5238907849829352
3,Total buy profit:,77.51814293861372
4,Total sell profit:,90.7498168945312
5,Total profit:,168.26795983314491
6,Profit per trade:,0.2871466891350596
