,Label,Value
0,Loss:,0.0005765737732872367
1,Mean Absolute Error:,22.62748488358965
2,Accuracy score:,0.462478184991274
3,Total buy profit:,1976.8696765899663
4,Total sell profit:,-443.7420845031738
5,Total profit:,1533.1275920867924
6,Profit per trade:,2.6756153439560078
